<gmi:MI_Metadata xsi:schemaLocation="http://www.isotc211.org/2005/gmi http://www.ngdc.noaa.gov/metadata/published/xsd/schema.xsd" xmlns:gmd="http://www.isotc211.org/2005/gmd" xmlns:gco="http://www.isotc211.org/2005/gco" xmlns:xlink="http://www.w3.org/1999/xlink" xmlns:gml="http://www.opengis.net/gml/3.2" xmlns:xsi="http://www.w3.org/2001/XMLSchema-instance" xmlns:gts="http://www.isotc211.org/2005/gts" xmlns:xs="http://www.w3.org/2001/XMLSchema" xmlns:gss="http://www.isotc211.org/2005/gss" xmlns:gsr="http://www.isotc211.org/2005/gsr" xmlns:gmx="http://www.isotc211.org/2005/gmx" xmlns:srv="http://www.isotc211.org/2005/srv" xmlns:gmi="http://www.isotc211.org/2005/gmi">
  <gmd:fileIdentifier>
    <gco:CharacterString>MNPCAP-1084</gco:CharacterString>
  </gmd:fileIdentifier>
  <gmd:contact>
    <gmd:CI_ResponsibleParty>
      <gmd:individualName>
		<gco:CharacterString>GLOS DMAC</gco:CharacterString>
	  </gmd:individualName>
      <gmd:organisationName>
        <gco:CharacterString>Great Lakes Observing System</gco:CharacterString>
      </gmd:organisationName>
      <gmd:contactInfo>
		  <gmd:CI_Contact>
			  <gmd:phone>
				<gmd:CI_Telephone>
				  <gmd:voice>
					<gco:CharacterString>(734) 332-6113</gco:CharacterString>
				  </gmd:voice>
				</gmd:CI_Telephone>
			  </gmd:phone>
			  <gmd:address>
				<gmd:CI_Address>
				  <gmd:deliveryPoint>
					<gco:CharacterString>229 Nickels Arcade</gco:CharacterString>
				  </gmd:deliveryPoint>
				  <gmd:city>
					<gco:CharacterString>Ann Arbor</gco:CharacterString>
				  </gmd:city>
				  <gmd:administrativeArea>
					<gco:CharacterString>Michigan</gco:CharacterString>
				  </gmd:administrativeArea>
				  <gmd:postalCode>
					<gco:CharacterString>48104</gco:CharacterString>
				  </gmd:postalCode>
				  <gmd:electronicMailAddress>
					<gco:CharacterString>dmac@glos.us</gco:CharacterString>
				  </gmd:electronicMailAddress>
				</gmd:CI_Address>
			  </gmd:address>
		  </gmd:CI_Contact>
	  </gmd:contactInfo>
      <gmd:role>
        <gmd:CI_RoleCode>pointOfContact</gmd:CI_RoleCode>
      </gmd:role>
    </gmd:CI_ResponsibleParty>
  </gmd:contact>
  <gmd:dateStamp>
    <gco:Date>2012-12-07</gco:Date>
  </gmd:dateStamp>
  <gmd:metadataStandardName>
    <gco:CharacterString>ISO 19115-2 Geographic Information - Metadata Part 2 Extensions for imagery and gridded data</gco:CharacterString>
  </gmd:metadataStandardName>
  <gmd:metadataStandardVersion>
    <gco:CharacterString>ISO 19115-2:2009(E)</gco:CharacterString>
  </gmd:metadataStandardVersion>
  <gmd:identificationInfo>
    <gmd:MD_DataIdentification id="DataIdentification">
      <gmd:citation>
        <gmd:CI_Citation>
          <gmd:title>
            <gco:CharacterString>GREENWAY COOP</gco:CharacterString>
          </gmd:title>
          <gmd:date>
            <gmd:CI_Date>
              <gmd:date>
                <gco:DateTime>2012-12-07T15:24:34.502Z</gco:DateTime>
              </gmd:date>
            </gmd:CI_Date>
          </gmd:date>
          <gmd:identifier>
            <gmd:MD_Identifier>
              <gmd:authority>
                <gmd:CI_Citation>
                  <gmd:title>
                    <gco:CharacterString>GLOS</gco:CharacterString>
                  </gmd:title>
                  <gmd:date gco:nilReason="inapplicable"></gmd:date>
                </gmd:CI_Citation>
              </gmd:authority>
            </gmd:MD_Identifier>
          </gmd:identifier>
          <gmd:citedResponsibleParty>
            <gmd:CI_ResponsibleParty>
			  <gmd:individualName>
				<gco:CharacterString>GLOS DMAC</gco:CharacterString>
			  </gmd:individualName>
			  <gmd:organisationName>
				<gco:CharacterString>Great Lakes Observing System</gco:CharacterString>
			  </gmd:organisationName>
			  <gmd:contactInfo>
				  <gmd:CI_Contact>
					  <gmd:phone>
						<gmd:CI_Telephone>
						  <gmd:voice>
							<gco:CharacterString>(734) 332-6113</gco:CharacterString>
						  </gmd:voice>
						</gmd:CI_Telephone>
					  </gmd:phone>
					  <gmd:address>
						<gmd:CI_Address>
						  <gmd:deliveryPoint>
							<gco:CharacterString>229 Nickels Arcade</gco:CharacterString>
						  </gmd:deliveryPoint>
						  <gmd:city>
							<gco:CharacterString>Ann Arbor</gco:CharacterString>
						  </gmd:city>
						  <gmd:administrativeArea>
							<gco:CharacterString>Michigan</gco:CharacterString>
						  </gmd:administrativeArea>
						  <gmd:postalCode>
							<gco:CharacterString>48104</gco:CharacterString>
						  </gmd:postalCode>
						  <gmd:electronicMailAddress>
							<gco:CharacterString>dmac@glos.us</gco:CharacterString>
						  </gmd:electronicMailAddress>
						</gmd:CI_Address>
					  </gmd:address>
				  </gmd:CI_Contact>
			  </gmd:contactInfo>
			  <gmd:role>
				<gmd:CI_RoleCode>pointOfContact</gmd:CI_RoleCode>
			  </gmd:role>
            </gmd:CI_ResponsibleParty>
          </gmd:citedResponsibleParty>
        </gmd:CI_Citation>
      </gmd:citation>
      <gmd:abstract>
        <gco:CharacterString>Minnesota Pollution Control Agency Primary Ground Water - GREENWAY COOP</gco:CharacterString>
      </gmd:abstract>
	  <gmd:descriptiveKeywords>
        <gmd:MD_Keywords><gmd:keyword>
        <gco:CharacterString>Chlorobenzene</gco:CharacterString>
      </gmd:keyword><gmd:keyword>
        <gco:CharacterString>Dichloroethylene</gco:CharacterString>
      </gmd:keyword><gmd:keyword>
        <gco:CharacterString>Tetrachloroethylene</gco:CharacterString>
      </gmd:keyword><gmd:keyword>
        <gco:CharacterString>Styrene</gco:CharacterString>
      </gmd:keyword><gmd:keyword>
        <gco:CharacterString>Allyl chloride</gco:CharacterString>
      </gmd:keyword><gmd:keyword>
        <gco:CharacterString>Methyl bromide</gco:CharacterString>
      </gmd:keyword><gmd:keyword>
        <gco:CharacterString>Methylene chloride</gco:CharacterString>
      </gmd:keyword><gmd:keyword>
        <gco:CharacterString>Vinyl chloride</gco:CharacterString>
      </gmd:keyword><gmd:keyword>
        <gco:CharacterString>Butylbenzene sec-</gco:CharacterString>
      </gmd:keyword><gmd:keyword>
        <gco:CharacterString>Halon 1011</gco:CharacterString>
      </gmd:keyword><gmd:keyword>
        <gco:CharacterString>Trimethylbenzene 124-</gco:CharacterString>
      </gmd:keyword><gmd:keyword>
        <gco:CharacterString>CFC-12</gco:CharacterString>
      </gmd:keyword><gmd:keyword>
        <gco:CharacterString>Cumene</gco:CharacterString>
      </gmd:keyword><gmd:keyword>
        <gco:CharacterString>Dichloropropane 13-</gco:CharacterString>
      </gmd:keyword><gmd:keyword>
        <gco:CharacterString>Trichloroethylene</gco:CharacterString>
      </gmd:keyword><gmd:keyword>
        <gco:CharacterString>Trimethylbenzene 135-</gco:CharacterString>
      </gmd:keyword><gmd:keyword>
        <gco:CharacterString>14-Dichlorobenzene</gco:CharacterString>
      </gmd:keyword><gmd:keyword>
        <gco:CharacterString>Tribromomethane</gco:CharacterString>
      </gmd:keyword><gmd:keyword>
        <gco:CharacterString>Naphthalene</gco:CharacterString>
      </gmd:keyword><gmd:keyword>
        <gco:CharacterString>Tetrachloroethane 1122-</gco:CharacterString>
      </gmd:keyword><gmd:keyword>
        <gco:CharacterString>o-Xylene</gco:CharacterString>
      </gmd:keyword><gmd:keyword>
        <gco:CharacterString>Inorganic nitrogen (nitrate and nitrite) as N</gco:CharacterString>
      </gmd:keyword><gmd:keyword>
        <gco:CharacterString>Xylenes mix of m + o + p</gco:CharacterString>
      </gmd:keyword><gmd:keyword>
        <gco:CharacterString>Dibromomethane</gco:CharacterString>
      </gmd:keyword><gmd:keyword>
        <gco:CharacterString>124-Trichlorobenzene</gco:CharacterString>
      </gmd:keyword><gmd:keyword>
        <gco:CharacterString>cis-12-Dichloroethylene</gco:CharacterString>
      </gmd:keyword><gmd:keyword>
        <gco:CharacterString>HCFC-21</gco:CharacterString>
      </gmd:keyword><gmd:keyword>
        <gco:CharacterString>Cymene</gco:CharacterString>
      </gmd:keyword><gmd:keyword>
        <gco:CharacterString>Toluene</gco:CharacterString>
      </gmd:keyword><gmd:keyword>
        <gco:CharacterString>Hexachlorobutadiene</gco:CharacterString>
      </gmd:keyword><gmd:keyword>
        <gco:CharacterString>Dichloropropane 22-</gco:CharacterString>
      </gmd:keyword><gmd:keyword>
        <gco:CharacterString>Trichloroethane 111-</gco:CharacterString>
      </gmd:keyword><gmd:keyword>
        <gco:CharacterString>12-Dichlorobenzene</gco:CharacterString>
      </gmd:keyword><gmd:keyword>
        <gco:CharacterString>Dichlorobromomethane</gco:CharacterString>
      </gmd:keyword><gmd:keyword>
        <gco:CharacterString>Methyl ethyl ketone</gco:CharacterString>
      </gmd:keyword><gmd:keyword>
        <gco:CharacterString>Butyl benzene</gco:CharacterString>
      </gmd:keyword><gmd:keyword>
        <gco:CharacterString>Chlorotoluene 2-</gco:CharacterString>
      </gmd:keyword><gmd:keyword>
        <gco:CharacterString>Chlorodibromomethane</gco:CharacterString>
      </gmd:keyword><gmd:keyword>
        <gco:CharacterString>Benzene</gco:CharacterString>
      </gmd:keyword><gmd:keyword>
        <gco:CharacterString>Propylbenzene n-</gco:CharacterString>
      </gmd:keyword><gmd:keyword>
        <gco:CharacterString>Ethyl ether</gco:CharacterString>
      </gmd:keyword><gmd:keyword>
        <gco:CharacterString>12-Dibromo-3-chloropropane (DBCP)</gco:CharacterString>
      </gmd:keyword><gmd:keyword>
        <gco:CharacterString>Ethylbenzene</gco:CharacterString>
      </gmd:keyword><gmd:keyword>
        <gco:CharacterString>cis-13-Dichloropropene</gco:CharacterString>
      </gmd:keyword><gmd:keyword>
        <gco:CharacterString>Chloride</gco:CharacterString>
      </gmd:keyword><gmd:keyword>
        <gco:CharacterString>Methyl isobutyl ketone</gco:CharacterString>
      </gmd:keyword><gmd:keyword>
        <gco:CharacterString>Trichloropropane 123-</gco:CharacterString>
      </gmd:keyword><gmd:keyword>
        <gco:CharacterString>Trichloroethane 112-</gco:CharacterString>
      </gmd:keyword><gmd:keyword>
        <gco:CharacterString>Tetrachloroethane 1112-</gco:CharacterString>
      </gmd:keyword><gmd:keyword>
        <gco:CharacterString>Bromobenzene</gco:CharacterString>
      </gmd:keyword><gmd:keyword>
        <gco:CharacterString>Chloromethane</gco:CharacterString>
      </gmd:keyword><gmd:keyword>
        <gco:CharacterString>Acetone</gco:CharacterString>
      </gmd:keyword><gmd:keyword>
        <gco:CharacterString>Trichlorotrifluoroethane</gco:CharacterString>
      </gmd:keyword><gmd:keyword>
        <gco:CharacterString>Dichloropropene 11-</gco:CharacterString>
      </gmd:keyword><gmd:keyword>
        <gco:CharacterString>Dichloroethane 11-</gco:CharacterString>
      </gmd:keyword><gmd:keyword>
        <gco:CharacterString>Tetrahydrofuran</gco:CharacterString>
      </gmd:keyword><gmd:keyword>
        <gco:CharacterString>Carbon tetrachloride</gco:CharacterString>
      </gmd:keyword><gmd:keyword>
        <gco:CharacterString>13-Dichlorobenzene</gco:CharacterString>
      </gmd:keyword><gmd:keyword>
        <gco:CharacterString>Butylbenzene tert-</gco:CharacterString>
      </gmd:keyword><gmd:keyword>
        <gco:CharacterString>CFC-11</gco:CharacterString>
      </gmd:keyword><gmd:keyword>
        <gco:CharacterString>MTBE Methyl tertiary butyl ether</gco:CharacterString>
      </gmd:keyword><gmd:keyword>
        <gco:CharacterString>Chloroethane</gco:CharacterString>
      </gmd:keyword><gmd:keyword>
        <gco:CharacterString>Dichloropropane 12-</gco:CharacterString>
      </gmd:keyword><gmd:keyword>
        <gco:CharacterString>trans-12-Dichloroethylene</gco:CharacterString>
      </gmd:keyword><gmd:keyword>
        <gco:CharacterString>Trichlorobenzene 123-</gco:CharacterString>
      </gmd:keyword><gmd:keyword>
        <gco:CharacterString>Dichloroethane 12-</gco:CharacterString>
      </gmd:keyword><gmd:keyword>
        <gco:CharacterString>Chlorotoluene 4-</gco:CharacterString>
      </gmd:keyword><gmd:keyword>
        <gco:CharacterString>Chloroform</gco:CharacterString>
      </gmd:keyword><gmd:keyword>
        <gco:CharacterString>trans-13-Dichloropropene</gco:CharacterString>
      </gmd:keyword></gmd:MD_Keywords>
      </gmd:descriptiveKeywords>
      <gmd:aggregationInfo>
        <gmd:MD_AggregateInformation>
          <gmd:aggregateDataSetIdentifier>
          </gmd:aggregateDataSetIdentifier>
        </gmd:MD_AggregateInformation>
      </gmd:aggregationInfo>
      <gmd:language>
        <gco:CharacterString>eng</gco:CharacterString>
      </gmd:language>
      <gmd:topicCategory>
        <gmd:MD_TopicCategoryCode>inlandWaters</gmd:MD_TopicCategoryCode>
      </gmd:topicCategory>
      <gmd:extent>
        <gmd:EX_Extent id="boundingExtent">
          <gmd:geographicElement>
            <gmd:EX_GeographicBoundingBox id="boundingGeographicBoundingBox">
              <gmd:extentTypeCode>
                <gco:Boolean>1</gco:Boolean>
              </gmd:extentTypeCode>
              <gmd:westBoundLongitude>
                <gco:Decimal>-92.483397</gco:Decimal>
              </gmd:westBoundLongitude>
              <gmd:eastBoundLongitude>
                <gco:Decimal>-92.483397</gco:Decimal>
              </gmd:eastBoundLongitude>
              <gmd:southBoundLatitude>
                <gco:Decimal>44.028569</gco:Decimal>
              </gmd:southBoundLatitude>
              <gmd:northBoundLatitude>
                <gco:Decimal>44.028569</gco:Decimal>
              </gmd:northBoundLatitude>
            </gmd:EX_GeographicBoundingBox>
          </gmd:geographicElement>
          <gmd:temporalElement>
            <gmd:EX_TemporalExtent id="boundingTemporalExtent">
              <gmd:extent>
                <gml:TimePeriod gml:id="d5489">
                  <gml:description>seconds</gml:description>
                  <gml:beginPosition>2004-06-23T20:00:00.000Z</gml:beginPosition>
                  <gml:endPosition>2004-06-23T20:00:00.000Z</gml:endPosition>
                </gml:TimePeriod>
              </gmd:extent>
            </gmd:EX_TemporalExtent>
          </gmd:temporalElement>
          <gmd:verticalElement>
            <gmd:EX_VerticalExtent>
              <gmd:minimumValue>
                <gco:Real>0</gco:Real>
              </gmd:minimumValue>
              <gmd:maximumValue>
                <gco:Real>0</gco:Real>
              </gmd:maximumValue>
              <gmd:verticalCRS gco:nilReason="missing"></gmd:verticalCRS>
            </gmd:EX_VerticalExtent>
          </gmd:verticalElement>
        </gmd:EX_Extent>
      </gmd:extent>
    </gmd:MD_DataIdentification>
  </gmd:identificationInfo>
  <gmd:identificationInfo>
    <srv:SV_ServiceIdentification>
	</srv:SV_ServiceIdentification>
  </gmd:identificationInfo>
  <gmd:contentInfo>
    <gmi:MI_CoverageDescription>
      <gmd:attributeDescription gco:nilReason="unknown"></gmd:attributeDescription>
      <gmd:contentType gco:nilReason="unknown"></gmd:contentType>
	<gmd:dimension>
        <gmd:MD_Band>
          <gmd:sequenceIdentifier>
            <gco:MemberName>
              <gco:aName>
                <gco:CharacterString>Chlorobenzene</gco:CharacterString>
              </gco:aName>
            </gco:MemberName>
          </gmd:sequenceIdentifier>
          <gmd:descriptor>
            <gco:CharacterString>Chlorobenzene</gco:CharacterString>
          </gmd:descriptor>
        </gmd:MD_Band>
      </gmd:dimension><gmd:dimension>
        <gmd:MD_Band>
          <gmd:sequenceIdentifier>
            <gco:MemberName>
              <gco:aName>
                <gco:CharacterString>Dichloroethylene</gco:CharacterString>
              </gco:aName>
            </gco:MemberName>
          </gmd:sequenceIdentifier>
          <gmd:descriptor>
            <gco:CharacterString>Dichloroethylene</gco:CharacterString>
          </gmd:descriptor>
        </gmd:MD_Band>
      </gmd:dimension><gmd:dimension>
        <gmd:MD_Band>
          <gmd:sequenceIdentifier>
            <gco:MemberName>
              <gco:aName>
                <gco:CharacterString>Tetrachloroethylene</gco:CharacterString>
              </gco:aName>
            </gco:MemberName>
          </gmd:sequenceIdentifier>
          <gmd:descriptor>
            <gco:CharacterString>Tetrachloroethylene</gco:CharacterString>
          </gmd:descriptor>
        </gmd:MD_Band>
      </gmd:dimension><gmd:dimension>
        <gmd:MD_Band>
          <gmd:sequenceIdentifier>
            <gco:MemberName>
              <gco:aName>
                <gco:CharacterString>Styrene</gco:CharacterString>
              </gco:aName>
            </gco:MemberName>
          </gmd:sequenceIdentifier>
          <gmd:descriptor>
            <gco:CharacterString>Styrene</gco:CharacterString>
          </gmd:descriptor>
        </gmd:MD_Band>
      </gmd:dimension><gmd:dimension>
        <gmd:MD_Band>
          <gmd:sequenceIdentifier>
            <gco:MemberName>
              <gco:aName>
                <gco:CharacterString>Allyl chloride</gco:CharacterString>
              </gco:aName>
            </gco:MemberName>
          </gmd:sequenceIdentifier>
          <gmd:descriptor>
            <gco:CharacterString>Allyl chloride</gco:CharacterString>
          </gmd:descriptor>
        </gmd:MD_Band>
      </gmd:dimension><gmd:dimension>
        <gmd:MD_Band>
          <gmd:sequenceIdentifier>
            <gco:MemberName>
              <gco:aName>
                <gco:CharacterString>Methyl bromide</gco:CharacterString>
              </gco:aName>
            </gco:MemberName>
          </gmd:sequenceIdentifier>
          <gmd:descriptor>
            <gco:CharacterString>Methyl bromide</gco:CharacterString>
          </gmd:descriptor>
        </gmd:MD_Band>
      </gmd:dimension><gmd:dimension>
        <gmd:MD_Band>
          <gmd:sequenceIdentifier>
            <gco:MemberName>
              <gco:aName>
                <gco:CharacterString>Methylene chloride</gco:CharacterString>
              </gco:aName>
            </gco:MemberName>
          </gmd:sequenceIdentifier>
          <gmd:descriptor>
            <gco:CharacterString>Methylene chloride</gco:CharacterString>
          </gmd:descriptor>
        </gmd:MD_Band>
      </gmd:dimension><gmd:dimension>
        <gmd:MD_Band>
          <gmd:sequenceIdentifier>
            <gco:MemberName>
              <gco:aName>
                <gco:CharacterString>Vinyl chloride</gco:CharacterString>
              </gco:aName>
            </gco:MemberName>
          </gmd:sequenceIdentifier>
          <gmd:descriptor>
            <gco:CharacterString>Vinyl chloride</gco:CharacterString>
          </gmd:descriptor>
        </gmd:MD_Band>
      </gmd:dimension><gmd:dimension>
        <gmd:MD_Band>
          <gmd:sequenceIdentifier>
            <gco:MemberName>
              <gco:aName>
                <gco:CharacterString>Butylbenzene sec-</gco:CharacterString>
              </gco:aName>
            </gco:MemberName>
          </gmd:sequenceIdentifier>
          <gmd:descriptor>
            <gco:CharacterString>Butylbenzene sec-</gco:CharacterString>
          </gmd:descriptor>
        </gmd:MD_Band>
      </gmd:dimension><gmd:dimension>
        <gmd:MD_Band>
          <gmd:sequenceIdentifier>
            <gco:MemberName>
              <gco:aName>
                <gco:CharacterString>Halon 1011</gco:CharacterString>
              </gco:aName>
            </gco:MemberName>
          </gmd:sequenceIdentifier>
          <gmd:descriptor>
            <gco:CharacterString>Halon 1011</gco:CharacterString>
          </gmd:descriptor>
        </gmd:MD_Band>
      </gmd:dimension><gmd:dimension>
        <gmd:MD_Band>
          <gmd:sequenceIdentifier>
            <gco:MemberName>
              <gco:aName>
                <gco:CharacterString>Trimethylbenzene 124-</gco:CharacterString>
              </gco:aName>
            </gco:MemberName>
          </gmd:sequenceIdentifier>
          <gmd:descriptor>
            <gco:CharacterString>Trimethylbenzene 124-</gco:CharacterString>
          </gmd:descriptor>
        </gmd:MD_Band>
      </gmd:dimension><gmd:dimension>
        <gmd:MD_Band>
          <gmd:sequenceIdentifier>
            <gco:MemberName>
              <gco:aName>
                <gco:CharacterString>CFC-12</gco:CharacterString>
              </gco:aName>
            </gco:MemberName>
          </gmd:sequenceIdentifier>
          <gmd:descriptor>
            <gco:CharacterString>CFC-12</gco:CharacterString>
          </gmd:descriptor>
        </gmd:MD_Band>
      </gmd:dimension><gmd:dimension>
        <gmd:MD_Band>
          <gmd:sequenceIdentifier>
            <gco:MemberName>
              <gco:aName>
                <gco:CharacterString>Cumene</gco:CharacterString>
              </gco:aName>
            </gco:MemberName>
          </gmd:sequenceIdentifier>
          <gmd:descriptor>
            <gco:CharacterString>Cumene</gco:CharacterString>
          </gmd:descriptor>
        </gmd:MD_Band>
      </gmd:dimension><gmd:dimension>
        <gmd:MD_Band>
          <gmd:sequenceIdentifier>
            <gco:MemberName>
              <gco:aName>
                <gco:CharacterString>Dichloropropane 13-</gco:CharacterString>
              </gco:aName>
            </gco:MemberName>
          </gmd:sequenceIdentifier>
          <gmd:descriptor>
            <gco:CharacterString>Dichloropropane 13-</gco:CharacterString>
          </gmd:descriptor>
        </gmd:MD_Band>
      </gmd:dimension><gmd:dimension>
        <gmd:MD_Band>
          <gmd:sequenceIdentifier>
            <gco:MemberName>
              <gco:aName>
                <gco:CharacterString>Trichloroethylene</gco:CharacterString>
              </gco:aName>
            </gco:MemberName>
          </gmd:sequenceIdentifier>
          <gmd:descriptor>
            <gco:CharacterString>Trichloroethylene</gco:CharacterString>
          </gmd:descriptor>
        </gmd:MD_Band>
      </gmd:dimension><gmd:dimension>
        <gmd:MD_Band>
          <gmd:sequenceIdentifier>
            <gco:MemberName>
              <gco:aName>
                <gco:CharacterString>Trimethylbenzene 135-</gco:CharacterString>
              </gco:aName>
            </gco:MemberName>
          </gmd:sequenceIdentifier>
          <gmd:descriptor>
            <gco:CharacterString>Trimethylbenzene 135-</gco:CharacterString>
          </gmd:descriptor>
        </gmd:MD_Band>
      </gmd:dimension><gmd:dimension>
        <gmd:MD_Band>
          <gmd:sequenceIdentifier>
            <gco:MemberName>
              <gco:aName>
                <gco:CharacterString>14-Dichlorobenzene</gco:CharacterString>
              </gco:aName>
            </gco:MemberName>
          </gmd:sequenceIdentifier>
          <gmd:descriptor>
            <gco:CharacterString>14-Dichlorobenzene</gco:CharacterString>
          </gmd:descriptor>
        </gmd:MD_Band>
      </gmd:dimension><gmd:dimension>
        <gmd:MD_Band>
          <gmd:sequenceIdentifier>
            <gco:MemberName>
              <gco:aName>
                <gco:CharacterString>Tribromomethane</gco:CharacterString>
              </gco:aName>
            </gco:MemberName>
          </gmd:sequenceIdentifier>
          <gmd:descriptor>
            <gco:CharacterString>Tribromomethane</gco:CharacterString>
          </gmd:descriptor>
        </gmd:MD_Band>
      </gmd:dimension><gmd:dimension>
        <gmd:MD_Band>
          <gmd:sequenceIdentifier>
            <gco:MemberName>
              <gco:aName>
                <gco:CharacterString>Naphthalene</gco:CharacterString>
              </gco:aName>
            </gco:MemberName>
          </gmd:sequenceIdentifier>
          <gmd:descriptor>
            <gco:CharacterString>Naphthalene</gco:CharacterString>
          </gmd:descriptor>
        </gmd:MD_Band>
      </gmd:dimension><gmd:dimension>
        <gmd:MD_Band>
          <gmd:sequenceIdentifier>
            <gco:MemberName>
              <gco:aName>
                <gco:CharacterString>Tetrachloroethane 1122-</gco:CharacterString>
              </gco:aName>
            </gco:MemberName>
          </gmd:sequenceIdentifier>
          <gmd:descriptor>
            <gco:CharacterString>Tetrachloroethane 1122-</gco:CharacterString>
          </gmd:descriptor>
        </gmd:MD_Band>
      </gmd:dimension><gmd:dimension>
        <gmd:MD_Band>
          <gmd:sequenceIdentifier>
            <gco:MemberName>
              <gco:aName>
                <gco:CharacterString>o-Xylene</gco:CharacterString>
              </gco:aName>
            </gco:MemberName>
          </gmd:sequenceIdentifier>
          <gmd:descriptor>
            <gco:CharacterString>o-Xylene</gco:CharacterString>
          </gmd:descriptor>
        </gmd:MD_Band>
      </gmd:dimension><gmd:dimension>
        <gmd:MD_Band>
          <gmd:sequenceIdentifier>
            <gco:MemberName>
              <gco:aName>
                <gco:CharacterString>Inorganic nitrogen (nitrate and nitrite) as N</gco:CharacterString>
              </gco:aName>
            </gco:MemberName>
          </gmd:sequenceIdentifier>
          <gmd:descriptor>
            <gco:CharacterString>Inorganic nitrogen (nitrate and nitrite) as N</gco:CharacterString>
          </gmd:descriptor>
        </gmd:MD_Band>
      </gmd:dimension><gmd:dimension>
        <gmd:MD_Band>
          <gmd:sequenceIdentifier>
            <gco:MemberName>
              <gco:aName>
                <gco:CharacterString>Xylenes mix of m + o + p</gco:CharacterString>
              </gco:aName>
            </gco:MemberName>
          </gmd:sequenceIdentifier>
          <gmd:descriptor>
            <gco:CharacterString>Xylenes mix of m + o + p</gco:CharacterString>
          </gmd:descriptor>
        </gmd:MD_Band>
      </gmd:dimension><gmd:dimension>
        <gmd:MD_Band>
          <gmd:sequenceIdentifier>
            <gco:MemberName>
              <gco:aName>
                <gco:CharacterString>Dibromomethane</gco:CharacterString>
              </gco:aName>
            </gco:MemberName>
          </gmd:sequenceIdentifier>
          <gmd:descriptor>
            <gco:CharacterString>Dibromomethane</gco:CharacterString>
          </gmd:descriptor>
        </gmd:MD_Band>
      </gmd:dimension><gmd:dimension>
        <gmd:MD_Band>
          <gmd:sequenceIdentifier>
            <gco:MemberName>
              <gco:aName>
                <gco:CharacterString>124-Trichlorobenzene</gco:CharacterString>
              </gco:aName>
            </gco:MemberName>
          </gmd:sequenceIdentifier>
          <gmd:descriptor>
            <gco:CharacterString>124-Trichlorobenzene</gco:CharacterString>
          </gmd:descriptor>
        </gmd:MD_Band>
      </gmd:dimension><gmd:dimension>
        <gmd:MD_Band>
          <gmd:sequenceIdentifier>
            <gco:MemberName>
              <gco:aName>
                <gco:CharacterString>cis-12-Dichloroethylene</gco:CharacterString>
              </gco:aName>
            </gco:MemberName>
          </gmd:sequenceIdentifier>
          <gmd:descriptor>
            <gco:CharacterString>cis-12-Dichloroethylene</gco:CharacterString>
          </gmd:descriptor>
        </gmd:MD_Band>
      </gmd:dimension><gmd:dimension>
        <gmd:MD_Band>
          <gmd:sequenceIdentifier>
            <gco:MemberName>
              <gco:aName>
                <gco:CharacterString>HCFC-21</gco:CharacterString>
              </gco:aName>
            </gco:MemberName>
          </gmd:sequenceIdentifier>
          <gmd:descriptor>
            <gco:CharacterString>HCFC-21</gco:CharacterString>
          </gmd:descriptor>
        </gmd:MD_Band>
      </gmd:dimension><gmd:dimension>
        <gmd:MD_Band>
          <gmd:sequenceIdentifier>
            <gco:MemberName>
              <gco:aName>
                <gco:CharacterString>Cymene</gco:CharacterString>
              </gco:aName>
            </gco:MemberName>
          </gmd:sequenceIdentifier>
          <gmd:descriptor>
            <gco:CharacterString>Cymene</gco:CharacterString>
          </gmd:descriptor>
        </gmd:MD_Band>
      </gmd:dimension><gmd:dimension>
        <gmd:MD_Band>
          <gmd:sequenceIdentifier>
            <gco:MemberName>
              <gco:aName>
                <gco:CharacterString>Toluene</gco:CharacterString>
              </gco:aName>
            </gco:MemberName>
          </gmd:sequenceIdentifier>
          <gmd:descriptor>
            <gco:CharacterString>Toluene</gco:CharacterString>
          </gmd:descriptor>
        </gmd:MD_Band>
      </gmd:dimension><gmd:dimension>
        <gmd:MD_Band>
          <gmd:sequenceIdentifier>
            <gco:MemberName>
              <gco:aName>
                <gco:CharacterString>Hexachlorobutadiene</gco:CharacterString>
              </gco:aName>
            </gco:MemberName>
          </gmd:sequenceIdentifier>
          <gmd:descriptor>
            <gco:CharacterString>Hexachlorobutadiene</gco:CharacterString>
          </gmd:descriptor>
        </gmd:MD_Band>
      </gmd:dimension><gmd:dimension>
        <gmd:MD_Band>
          <gmd:sequenceIdentifier>
            <gco:MemberName>
              <gco:aName>
                <gco:CharacterString>Dichloropropane 22-</gco:CharacterString>
              </gco:aName>
            </gco:MemberName>
          </gmd:sequenceIdentifier>
          <gmd:descriptor>
            <gco:CharacterString>Dichloropropane 22-</gco:CharacterString>
          </gmd:descriptor>
        </gmd:MD_Band>
      </gmd:dimension><gmd:dimension>
        <gmd:MD_Band>
          <gmd:sequenceIdentifier>
            <gco:MemberName>
              <gco:aName>
                <gco:CharacterString>Trichloroethane 111-</gco:CharacterString>
              </gco:aName>
            </gco:MemberName>
          </gmd:sequenceIdentifier>
          <gmd:descriptor>
            <gco:CharacterString>Trichloroethane 111-</gco:CharacterString>
          </gmd:descriptor>
        </gmd:MD_Band>
      </gmd:dimension><gmd:dimension>
        <gmd:MD_Band>
          <gmd:sequenceIdentifier>
            <gco:MemberName>
              <gco:aName>
                <gco:CharacterString>12-Dichlorobenzene</gco:CharacterString>
              </gco:aName>
            </gco:MemberName>
          </gmd:sequenceIdentifier>
          <gmd:descriptor>
            <gco:CharacterString>12-Dichlorobenzene</gco:CharacterString>
          </gmd:descriptor>
        </gmd:MD_Band>
      </gmd:dimension><gmd:dimension>
        <gmd:MD_Band>
          <gmd:sequenceIdentifier>
            <gco:MemberName>
              <gco:aName>
                <gco:CharacterString>Dichlorobromomethane</gco:CharacterString>
              </gco:aName>
            </gco:MemberName>
          </gmd:sequenceIdentifier>
          <gmd:descriptor>
            <gco:CharacterString>Dichlorobromomethane</gco:CharacterString>
          </gmd:descriptor>
        </gmd:MD_Band>
      </gmd:dimension><gmd:dimension>
        <gmd:MD_Band>
          <gmd:sequenceIdentifier>
            <gco:MemberName>
              <gco:aName>
                <gco:CharacterString>Methyl ethyl ketone</gco:CharacterString>
              </gco:aName>
            </gco:MemberName>
          </gmd:sequenceIdentifier>
          <gmd:descriptor>
            <gco:CharacterString>Methyl ethyl ketone</gco:CharacterString>
          </gmd:descriptor>
        </gmd:MD_Band>
      </gmd:dimension><gmd:dimension>
        <gmd:MD_Band>
          <gmd:sequenceIdentifier>
            <gco:MemberName>
              <gco:aName>
                <gco:CharacterString>Butyl benzene</gco:CharacterString>
              </gco:aName>
            </gco:MemberName>
          </gmd:sequenceIdentifier>
          <gmd:descriptor>
            <gco:CharacterString>Butyl benzene</gco:CharacterString>
          </gmd:descriptor>
        </gmd:MD_Band>
      </gmd:dimension><gmd:dimension>
        <gmd:MD_Band>
          <gmd:sequenceIdentifier>
            <gco:MemberName>
              <gco:aName>
                <gco:CharacterString>Chlorotoluene 2-</gco:CharacterString>
              </gco:aName>
            </gco:MemberName>
          </gmd:sequenceIdentifier>
          <gmd:descriptor>
            <gco:CharacterString>Chlorotoluene 2-</gco:CharacterString>
          </gmd:descriptor>
        </gmd:MD_Band>
      </gmd:dimension><gmd:dimension>
        <gmd:MD_Band>
          <gmd:sequenceIdentifier>
            <gco:MemberName>
              <gco:aName>
                <gco:CharacterString>Chlorodibromomethane</gco:CharacterString>
              </gco:aName>
            </gco:MemberName>
          </gmd:sequenceIdentifier>
          <gmd:descriptor>
            <gco:CharacterString>Chlorodibromomethane</gco:CharacterString>
          </gmd:descriptor>
        </gmd:MD_Band>
      </gmd:dimension><gmd:dimension>
        <gmd:MD_Band>
          <gmd:sequenceIdentifier>
            <gco:MemberName>
              <gco:aName>
                <gco:CharacterString>Benzene</gco:CharacterString>
              </gco:aName>
            </gco:MemberName>
          </gmd:sequenceIdentifier>
          <gmd:descriptor>
            <gco:CharacterString>Benzene</gco:CharacterString>
          </gmd:descriptor>
        </gmd:MD_Band>
      </gmd:dimension><gmd:dimension>
        <gmd:MD_Band>
          <gmd:sequenceIdentifier>
            <gco:MemberName>
              <gco:aName>
                <gco:CharacterString>Propylbenzene n-</gco:CharacterString>
              </gco:aName>
            </gco:MemberName>
          </gmd:sequenceIdentifier>
          <gmd:descriptor>
            <gco:CharacterString>Propylbenzene n-</gco:CharacterString>
          </gmd:descriptor>
        </gmd:MD_Band>
      </gmd:dimension><gmd:dimension>
        <gmd:MD_Band>
          <gmd:sequenceIdentifier>
            <gco:MemberName>
              <gco:aName>
                <gco:CharacterString>Ethyl ether</gco:CharacterString>
              </gco:aName>
            </gco:MemberName>
          </gmd:sequenceIdentifier>
          <gmd:descriptor>
            <gco:CharacterString>Ethyl ether</gco:CharacterString>
          </gmd:descriptor>
        </gmd:MD_Band>
      </gmd:dimension><gmd:dimension>
        <gmd:MD_Band>
          <gmd:sequenceIdentifier>
            <gco:MemberName>
              <gco:aName>
                <gco:CharacterString>12-Dibromo-3-chloropropane (DBCP)</gco:CharacterString>
              </gco:aName>
            </gco:MemberName>
          </gmd:sequenceIdentifier>
          <gmd:descriptor>
            <gco:CharacterString>12-Dibromo-3-chloropropane (DBCP)</gco:CharacterString>
          </gmd:descriptor>
        </gmd:MD_Band>
      </gmd:dimension><gmd:dimension>
        <gmd:MD_Band>
          <gmd:sequenceIdentifier>
            <gco:MemberName>
              <gco:aName>
                <gco:CharacterString>Ethylbenzene</gco:CharacterString>
              </gco:aName>
            </gco:MemberName>
          </gmd:sequenceIdentifier>
          <gmd:descriptor>
            <gco:CharacterString>Ethylbenzene</gco:CharacterString>
          </gmd:descriptor>
        </gmd:MD_Band>
      </gmd:dimension><gmd:dimension>
        <gmd:MD_Band>
          <gmd:sequenceIdentifier>
            <gco:MemberName>
              <gco:aName>
                <gco:CharacterString>cis-13-Dichloropropene</gco:CharacterString>
              </gco:aName>
            </gco:MemberName>
          </gmd:sequenceIdentifier>
          <gmd:descriptor>
            <gco:CharacterString>cis-13-Dichloropropene</gco:CharacterString>
          </gmd:descriptor>
        </gmd:MD_Band>
      </gmd:dimension><gmd:dimension>
        <gmd:MD_Band>
          <gmd:sequenceIdentifier>
            <gco:MemberName>
              <gco:aName>
                <gco:CharacterString>Chloride</gco:CharacterString>
              </gco:aName>
            </gco:MemberName>
          </gmd:sequenceIdentifier>
          <gmd:descriptor>
            <gco:CharacterString>Chloride</gco:CharacterString>
          </gmd:descriptor>
        </gmd:MD_Band>
      </gmd:dimension><gmd:dimension>
        <gmd:MD_Band>
          <gmd:sequenceIdentifier>
            <gco:MemberName>
              <gco:aName>
                <gco:CharacterString>Methyl isobutyl ketone</gco:CharacterString>
              </gco:aName>
            </gco:MemberName>
          </gmd:sequenceIdentifier>
          <gmd:descriptor>
            <gco:CharacterString>Methyl isobutyl ketone</gco:CharacterString>
          </gmd:descriptor>
        </gmd:MD_Band>
      </gmd:dimension><gmd:dimension>
        <gmd:MD_Band>
          <gmd:sequenceIdentifier>
            <gco:MemberName>
              <gco:aName>
                <gco:CharacterString>Trichloropropane 123-</gco:CharacterString>
              </gco:aName>
            </gco:MemberName>
          </gmd:sequenceIdentifier>
          <gmd:descriptor>
            <gco:CharacterString>Trichloropropane 123-</gco:CharacterString>
          </gmd:descriptor>
        </gmd:MD_Band>
      </gmd:dimension><gmd:dimension>
        <gmd:MD_Band>
          <gmd:sequenceIdentifier>
            <gco:MemberName>
              <gco:aName>
                <gco:CharacterString>Trichloroethane 112-</gco:CharacterString>
              </gco:aName>
            </gco:MemberName>
          </gmd:sequenceIdentifier>
          <gmd:descriptor>
            <gco:CharacterString>Trichloroethane 112-</gco:CharacterString>
          </gmd:descriptor>
        </gmd:MD_Band>
      </gmd:dimension><gmd:dimension>
        <gmd:MD_Band>
          <gmd:sequenceIdentifier>
            <gco:MemberName>
              <gco:aName>
                <gco:CharacterString>Tetrachloroethane 1112-</gco:CharacterString>
              </gco:aName>
            </gco:MemberName>
          </gmd:sequenceIdentifier>
          <gmd:descriptor>
            <gco:CharacterString>Tetrachloroethane 1112-</gco:CharacterString>
          </gmd:descriptor>
        </gmd:MD_Band>
      </gmd:dimension><gmd:dimension>
        <gmd:MD_Band>
          <gmd:sequenceIdentifier>
            <gco:MemberName>
              <gco:aName>
                <gco:CharacterString>Bromobenzene</gco:CharacterString>
              </gco:aName>
            </gco:MemberName>
          </gmd:sequenceIdentifier>
          <gmd:descriptor>
            <gco:CharacterString>Bromobenzene</gco:CharacterString>
          </gmd:descriptor>
        </gmd:MD_Band>
      </gmd:dimension><gmd:dimension>
        <gmd:MD_Band>
          <gmd:sequenceIdentifier>
            <gco:MemberName>
              <gco:aName>
                <gco:CharacterString>Chloromethane</gco:CharacterString>
              </gco:aName>
            </gco:MemberName>
          </gmd:sequenceIdentifier>
          <gmd:descriptor>
            <gco:CharacterString>Chloromethane</gco:CharacterString>
          </gmd:descriptor>
        </gmd:MD_Band>
      </gmd:dimension><gmd:dimension>
        <gmd:MD_Band>
          <gmd:sequenceIdentifier>
            <gco:MemberName>
              <gco:aName>
                <gco:CharacterString>Acetone</gco:CharacterString>
              </gco:aName>
            </gco:MemberName>
          </gmd:sequenceIdentifier>
          <gmd:descriptor>
            <gco:CharacterString>Acetone</gco:CharacterString>
          </gmd:descriptor>
        </gmd:MD_Band>
      </gmd:dimension><gmd:dimension>
        <gmd:MD_Band>
          <gmd:sequenceIdentifier>
            <gco:MemberName>
              <gco:aName>
                <gco:CharacterString>Trichlorotrifluoroethane</gco:CharacterString>
              </gco:aName>
            </gco:MemberName>
          </gmd:sequenceIdentifier>
          <gmd:descriptor>
            <gco:CharacterString>Trichlorotrifluoroethane</gco:CharacterString>
          </gmd:descriptor>
        </gmd:MD_Band>
      </gmd:dimension><gmd:dimension>
        <gmd:MD_Band>
          <gmd:sequenceIdentifier>
            <gco:MemberName>
              <gco:aName>
                <gco:CharacterString>Dichloropropene 11-</gco:CharacterString>
              </gco:aName>
            </gco:MemberName>
          </gmd:sequenceIdentifier>
          <gmd:descriptor>
            <gco:CharacterString>Dichloropropene 11-</gco:CharacterString>
          </gmd:descriptor>
        </gmd:MD_Band>
      </gmd:dimension><gmd:dimension>
        <gmd:MD_Band>
          <gmd:sequenceIdentifier>
            <gco:MemberName>
              <gco:aName>
                <gco:CharacterString>Dichloroethane 11-</gco:CharacterString>
              </gco:aName>
            </gco:MemberName>
          </gmd:sequenceIdentifier>
          <gmd:descriptor>
            <gco:CharacterString>Dichloroethane 11-</gco:CharacterString>
          </gmd:descriptor>
        </gmd:MD_Band>
      </gmd:dimension><gmd:dimension>
        <gmd:MD_Band>
          <gmd:sequenceIdentifier>
            <gco:MemberName>
              <gco:aName>
                <gco:CharacterString>Tetrahydrofuran</gco:CharacterString>
              </gco:aName>
            </gco:MemberName>
          </gmd:sequenceIdentifier>
          <gmd:descriptor>
            <gco:CharacterString>Tetrahydrofuran</gco:CharacterString>
          </gmd:descriptor>
        </gmd:MD_Band>
      </gmd:dimension><gmd:dimension>
        <gmd:MD_Band>
          <gmd:sequenceIdentifier>
            <gco:MemberName>
              <gco:aName>
                <gco:CharacterString>Carbon tetrachloride</gco:CharacterString>
              </gco:aName>
            </gco:MemberName>
          </gmd:sequenceIdentifier>
          <gmd:descriptor>
            <gco:CharacterString>Carbon tetrachloride</gco:CharacterString>
          </gmd:descriptor>
        </gmd:MD_Band>
      </gmd:dimension><gmd:dimension>
        <gmd:MD_Band>
          <gmd:sequenceIdentifier>
            <gco:MemberName>
              <gco:aName>
                <gco:CharacterString>13-Dichlorobenzene</gco:CharacterString>
              </gco:aName>
            </gco:MemberName>
          </gmd:sequenceIdentifier>
          <gmd:descriptor>
            <gco:CharacterString>13-Dichlorobenzene</gco:CharacterString>
          </gmd:descriptor>
        </gmd:MD_Band>
      </gmd:dimension><gmd:dimension>
        <gmd:MD_Band>
          <gmd:sequenceIdentifier>
            <gco:MemberName>
              <gco:aName>
                <gco:CharacterString>Butylbenzene tert-</gco:CharacterString>
              </gco:aName>
            </gco:MemberName>
          </gmd:sequenceIdentifier>
          <gmd:descriptor>
            <gco:CharacterString>Butylbenzene tert-</gco:CharacterString>
          </gmd:descriptor>
        </gmd:MD_Band>
      </gmd:dimension><gmd:dimension>
        <gmd:MD_Band>
          <gmd:sequenceIdentifier>
            <gco:MemberName>
              <gco:aName>
                <gco:CharacterString>CFC-11</gco:CharacterString>
              </gco:aName>
            </gco:MemberName>
          </gmd:sequenceIdentifier>
          <gmd:descriptor>
            <gco:CharacterString>CFC-11</gco:CharacterString>
          </gmd:descriptor>
        </gmd:MD_Band>
      </gmd:dimension><gmd:dimension>
        <gmd:MD_Band>
          <gmd:sequenceIdentifier>
            <gco:MemberName>
              <gco:aName>
                <gco:CharacterString>MTBE Methyl tertiary butyl ether</gco:CharacterString>
              </gco:aName>
            </gco:MemberName>
          </gmd:sequenceIdentifier>
          <gmd:descriptor>
            <gco:CharacterString>MTBE Methyl tertiary butyl ether</gco:CharacterString>
          </gmd:descriptor>
        </gmd:MD_Band>
      </gmd:dimension><gmd:dimension>
        <gmd:MD_Band>
          <gmd:sequenceIdentifier>
            <gco:MemberName>
              <gco:aName>
                <gco:CharacterString>Chloroethane</gco:CharacterString>
              </gco:aName>
            </gco:MemberName>
          </gmd:sequenceIdentifier>
          <gmd:descriptor>
            <gco:CharacterString>Chloroethane</gco:CharacterString>
          </gmd:descriptor>
        </gmd:MD_Band>
      </gmd:dimension><gmd:dimension>
        <gmd:MD_Band>
          <gmd:sequenceIdentifier>
            <gco:MemberName>
              <gco:aName>
                <gco:CharacterString>Dichloropropane 12-</gco:CharacterString>
              </gco:aName>
            </gco:MemberName>
          </gmd:sequenceIdentifier>
          <gmd:descriptor>
            <gco:CharacterString>Dichloropropane 12-</gco:CharacterString>
          </gmd:descriptor>
        </gmd:MD_Band>
      </gmd:dimension><gmd:dimension>
        <gmd:MD_Band>
          <gmd:sequenceIdentifier>
            <gco:MemberName>
              <gco:aName>
                <gco:CharacterString>trans-12-Dichloroethylene</gco:CharacterString>
              </gco:aName>
            </gco:MemberName>
          </gmd:sequenceIdentifier>
          <gmd:descriptor>
            <gco:CharacterString>trans-12-Dichloroethylene</gco:CharacterString>
          </gmd:descriptor>
        </gmd:MD_Band>
      </gmd:dimension><gmd:dimension>
        <gmd:MD_Band>
          <gmd:sequenceIdentifier>
            <gco:MemberName>
              <gco:aName>
                <gco:CharacterString>Trichlorobenzene 123-</gco:CharacterString>
              </gco:aName>
            </gco:MemberName>
          </gmd:sequenceIdentifier>
          <gmd:descriptor>
            <gco:CharacterString>Trichlorobenzene 123-</gco:CharacterString>
          </gmd:descriptor>
        </gmd:MD_Band>
      </gmd:dimension><gmd:dimension>
        <gmd:MD_Band>
          <gmd:sequenceIdentifier>
            <gco:MemberName>
              <gco:aName>
                <gco:CharacterString>Dichloroethane 12-</gco:CharacterString>
              </gco:aName>
            </gco:MemberName>
          </gmd:sequenceIdentifier>
          <gmd:descriptor>
            <gco:CharacterString>Dichloroethane 12-</gco:CharacterString>
          </gmd:descriptor>
        </gmd:MD_Band>
      </gmd:dimension><gmd:dimension>
        <gmd:MD_Band>
          <gmd:sequenceIdentifier>
            <gco:MemberName>
              <gco:aName>
                <gco:CharacterString>Chlorotoluene 4-</gco:CharacterString>
              </gco:aName>
            </gco:MemberName>
          </gmd:sequenceIdentifier>
          <gmd:descriptor>
            <gco:CharacterString>Chlorotoluene 4-</gco:CharacterString>
          </gmd:descriptor>
        </gmd:MD_Band>
      </gmd:dimension><gmd:dimension>
        <gmd:MD_Band>
          <gmd:sequenceIdentifier>
            <gco:MemberName>
              <gco:aName>
                <gco:CharacterString>Chloroform</gco:CharacterString>
              </gco:aName>
            </gco:MemberName>
          </gmd:sequenceIdentifier>
          <gmd:descriptor>
            <gco:CharacterString>Chloroform</gco:CharacterString>
          </gmd:descriptor>
        </gmd:MD_Band>
      </gmd:dimension><gmd:dimension>
        <gmd:MD_Band>
          <gmd:sequenceIdentifier>
            <gco:MemberName>
              <gco:aName>
                <gco:CharacterString>trans-13-Dichloropropene</gco:CharacterString>
              </gco:aName>
            </gco:MemberName>
          </gmd:sequenceIdentifier>
          <gmd:descriptor>
            <gco:CharacterString>trans-13-Dichloropropene</gco:CharacterString>
          </gmd:descriptor>
        </gmd:MD_Band>
      </gmd:dimension></gmi:MI_CoverageDescription>
  </gmd:contentInfo>
</gmi:MI_Metadata>