<gmi:MI_Metadata xsi:schemaLocation="http://www.isotc211.org/2005/gmi http://www.ngdc.noaa.gov/metadata/published/xsd/schema.xsd" xmlns:gmd="http://www.isotc211.org/2005/gmd" xmlns:gco="http://www.isotc211.org/2005/gco" xmlns:xlink="http://www.w3.org/1999/xlink" xmlns:gml="http://www.opengis.net/gml/3.2" xmlns:xsi="http://www.w3.org/2001/XMLSchema-instance" xmlns:gts="http://www.isotc211.org/2005/gts" xmlns:xs="http://www.w3.org/2001/XMLSchema" xmlns:gss="http://www.isotc211.org/2005/gss" xmlns:gsr="http://www.isotc211.org/2005/gsr" xmlns:gmx="http://www.isotc211.org/2005/gmx" xmlns:srv="http://www.isotc211.org/2005/srv" xmlns:gmi="http://www.isotc211.org/2005/gmi">
  <gmd:fileIdentifier>
    <gco:CharacterString>MNPCAP-17205</gco:CharacterString>
  </gmd:fileIdentifier>
  <gmd:contact>
    <gmd:CI_ResponsibleParty>
      <gmd:individualName>
		<gco:CharacterString>GLOS DMAC</gco:CharacterString>
	  </gmd:individualName>
      <gmd:organisationName>
        <gco:CharacterString>Great Lakes Observing System</gco:CharacterString>
      </gmd:organisationName>
      <gmd:contactInfo>
		  <gmd:CI_Contact>
			  <gmd:phone>
				<gmd:CI_Telephone>
				  <gmd:voice>
					<gco:CharacterString>(734) 332-6113</gco:CharacterString>
				  </gmd:voice>
				</gmd:CI_Telephone>
			  </gmd:phone>
			  <gmd:address>
				<gmd:CI_Address>
				  <gmd:deliveryPoint>
					<gco:CharacterString>229 Nickels Arcade</gco:CharacterString>
				  </gmd:deliveryPoint>
				  <gmd:city>
					<gco:CharacterString>Ann Arbor</gco:CharacterString>
				  </gmd:city>
				  <gmd:administrativeArea>
					<gco:CharacterString>Michigan</gco:CharacterString>
				  </gmd:administrativeArea>
				  <gmd:postalCode>
					<gco:CharacterString>48104</gco:CharacterString>
				  </gmd:postalCode>
				  <gmd:electronicMailAddress>
					<gco:CharacterString>dmac@glos.us</gco:CharacterString>
				  </gmd:electronicMailAddress>
				</gmd:CI_Address>
			  </gmd:address>
		  </gmd:CI_Contact>
	  </gmd:contactInfo>
      <gmd:role>
        <gmd:CI_RoleCode>pointOfContact</gmd:CI_RoleCode>
      </gmd:role>
    </gmd:CI_ResponsibleParty>
  </gmd:contact>
  <gmd:dateStamp>
    <gco:Date>2012-12-07</gco:Date>
  </gmd:dateStamp>
  <gmd:metadataStandardName>
    <gco:CharacterString>ISO 19115-2 Geographic Information - Metadata Part 2 Extensions for imagery and gridded data</gco:CharacterString>
  </gmd:metadataStandardName>
  <gmd:metadataStandardVersion>
    <gco:CharacterString>ISO 19115-2:2009(E)</gco:CharacterString>
  </gmd:metadataStandardVersion>
  <gmd:identificationInfo>
    <gmd:MD_DataIdentification id="DataIdentification">
      <gmd:citation>
        <gmd:CI_Citation>
          <gmd:title>
            <gco:CharacterString></gco:CharacterString>
          </gmd:title>
          <gmd:date>
            <gmd:CI_Date>
              <gmd:date>
                <gco:DateTime>2012-12-07T15:24:34.502Z</gco:DateTime>
              </gmd:date>
            </gmd:CI_Date>
          </gmd:date>
          <gmd:identifier>
            <gmd:MD_Identifier>
              <gmd:authority>
                <gmd:CI_Citation>
                  <gmd:title>
                    <gco:CharacterString>GLOS</gco:CharacterString>
                  </gmd:title>
                  <gmd:date gco:nilReason="inapplicable"></gmd:date>
                </gmd:CI_Citation>
              </gmd:authority>
            </gmd:MD_Identifier>
          </gmd:identifier>
          <gmd:citedResponsibleParty>
            <gmd:CI_ResponsibleParty>
			  <gmd:individualName>
				<gco:CharacterString>GLOS DMAC</gco:CharacterString>
			  </gmd:individualName>
			  <gmd:organisationName>
				<gco:CharacterString>Great Lakes Observing System</gco:CharacterString>
			  </gmd:organisationName>
			  <gmd:contactInfo>
				  <gmd:CI_Contact>
					  <gmd:phone>
						<gmd:CI_Telephone>
						  <gmd:voice>
							<gco:CharacterString>(734) 332-6113</gco:CharacterString>
						  </gmd:voice>
						</gmd:CI_Telephone>
					  </gmd:phone>
					  <gmd:address>
						<gmd:CI_Address>
						  <gmd:deliveryPoint>
							<gco:CharacterString>229 Nickels Arcade</gco:CharacterString>
						  </gmd:deliveryPoint>
						  <gmd:city>
							<gco:CharacterString>Ann Arbor</gco:CharacterString>
						  </gmd:city>
						  <gmd:administrativeArea>
							<gco:CharacterString>Michigan</gco:CharacterString>
						  </gmd:administrativeArea>
						  <gmd:postalCode>
							<gco:CharacterString>48104</gco:CharacterString>
						  </gmd:postalCode>
						  <gmd:electronicMailAddress>
							<gco:CharacterString>dmac@glos.us</gco:CharacterString>
						  </gmd:electronicMailAddress>
						</gmd:CI_Address>
					  </gmd:address>
				  </gmd:CI_Contact>
			  </gmd:contactInfo>
			  <gmd:role>
				<gmd:CI_RoleCode>pointOfContact</gmd:CI_RoleCode>
			  </gmd:role>
            </gmd:CI_ResponsibleParty>
          </gmd:citedResponsibleParty>
        </gmd:CI_Citation>
      </gmd:citation>
      <gmd:abstract>
        <gco:CharacterString>Minnesota Pollution Control Agency Primary Ground Water - </gco:CharacterString>
      </gmd:abstract>
	  <gmd:descriptiveKeywords>
        <gmd:MD_Keywords><gmd:keyword>
        <gco:CharacterString>Perfluorobutane sulfonate</gco:CharacterString>
      </gmd:keyword><gmd:keyword>
        <gco:CharacterString>Perfluorovaleric acid</gco:CharacterString>
      </gmd:keyword><gmd:keyword>
        <gco:CharacterString>Perfluorohexanoic acid</gco:CharacterString>
      </gmd:keyword><gmd:keyword>
        <gco:CharacterString>Perfluorobutanoic acid</gco:CharacterString>
      </gmd:keyword><gmd:keyword>
        <gco:CharacterString>Perfluorooctanoic acid</gco:CharacterString>
      </gmd:keyword><gmd:keyword>
        <gco:CharacterString>Perfluorohexane sulfonate</gco:CharacterString>
      </gmd:keyword><gmd:keyword>
        <gco:CharacterString>Perfluorooctane sulfonate</gco:CharacterString>
      </gmd:keyword></gmd:MD_Keywords>
      </gmd:descriptiveKeywords>
      <gmd:aggregationInfo>
        <gmd:MD_AggregateInformation>
          <gmd:aggregateDataSetIdentifier>
          </gmd:aggregateDataSetIdentifier>
        </gmd:MD_AggregateInformation>
      </gmd:aggregationInfo>
      <gmd:language>
        <gco:CharacterString>eng</gco:CharacterString>
      </gmd:language>
      <gmd:topicCategory>
        <gmd:MD_TopicCategoryCode>inlandWaters</gmd:MD_TopicCategoryCode>
      </gmd:topicCategory>
      <gmd:extent>
        <gmd:EX_Extent id="boundingExtent">
          <gmd:geographicElement>
            <gmd:EX_GeographicBoundingBox id="boundingGeographicBoundingBox">
              <gmd:extentTypeCode>
                <gco:Boolean>1</gco:Boolean>
              </gmd:extentTypeCode>
              <gmd:westBoundLongitude>
                <gco:Decimal>-92.88997</gco:Decimal>
              </gmd:westBoundLongitude>
              <gmd:eastBoundLongitude>
                <gco:Decimal>-92.88997</gco:Decimal>
              </gmd:eastBoundLongitude>
              <gmd:southBoundLatitude>
                <gco:Decimal>44.852573</gco:Decimal>
              </gmd:southBoundLatitude>
              <gmd:northBoundLatitude>
                <gco:Decimal>44.852573</gco:Decimal>
              </gmd:northBoundLatitude>
            </gmd:EX_GeographicBoundingBox>
          </gmd:geographicElement>
          <gmd:temporalElement>
            <gmd:EX_TemporalExtent id="boundingTemporalExtent">
              <gmd:extent>
                <gml:TimePeriod gml:id="d5489">
                  <gml:description>seconds</gml:description>
                  <gml:beginPosition>2007-02-20T01:00:00.000Z</gml:beginPosition>
                  <gml:endPosition>2007-02-20T01:00:00.000Z</gml:endPosition>
                </gml:TimePeriod>
              </gmd:extent>
            </gmd:EX_TemporalExtent>
          </gmd:temporalElement>
          <gmd:verticalElement>
            <gmd:EX_VerticalExtent>
              <gmd:minimumValue>
                <gco:Real>0</gco:Real>
              </gmd:minimumValue>
              <gmd:maximumValue>
                <gco:Real>0</gco:Real>
              </gmd:maximumValue>
              <gmd:verticalCRS gco:nilReason="missing"></gmd:verticalCRS>
            </gmd:EX_VerticalExtent>
          </gmd:verticalElement>
        </gmd:EX_Extent>
      </gmd:extent>
    </gmd:MD_DataIdentification>
  </gmd:identificationInfo>
  <gmd:identificationInfo>
    <srv:SV_ServiceIdentification>
	</srv:SV_ServiceIdentification>
  </gmd:identificationInfo>
  <gmd:contentInfo>
    <gmi:MI_CoverageDescription>
      <gmd:attributeDescription gco:nilReason="unknown"></gmd:attributeDescription>
      <gmd:contentType gco:nilReason="unknown"></gmd:contentType>
	<gmd:dimension>
        <gmd:MD_Band>
          <gmd:sequenceIdentifier>
            <gco:MemberName>
              <gco:aName>
                <gco:CharacterString>Perfluorobutane sulfonate</gco:CharacterString>
              </gco:aName>
            </gco:MemberName>
          </gmd:sequenceIdentifier>
          <gmd:descriptor>
            <gco:CharacterString>Perfluorobutane sulfonate</gco:CharacterString>
          </gmd:descriptor>
        </gmd:MD_Band>
      </gmd:dimension><gmd:dimension>
        <gmd:MD_Band>
          <gmd:sequenceIdentifier>
            <gco:MemberName>
              <gco:aName>
                <gco:CharacterString>Perfluorovaleric acid</gco:CharacterString>
              </gco:aName>
            </gco:MemberName>
          </gmd:sequenceIdentifier>
          <gmd:descriptor>
            <gco:CharacterString>Perfluorovaleric acid</gco:CharacterString>
          </gmd:descriptor>
        </gmd:MD_Band>
      </gmd:dimension><gmd:dimension>
        <gmd:MD_Band>
          <gmd:sequenceIdentifier>
            <gco:MemberName>
              <gco:aName>
                <gco:CharacterString>Perfluorohexanoic acid</gco:CharacterString>
              </gco:aName>
            </gco:MemberName>
          </gmd:sequenceIdentifier>
          <gmd:descriptor>
            <gco:CharacterString>Perfluorohexanoic acid</gco:CharacterString>
          </gmd:descriptor>
        </gmd:MD_Band>
      </gmd:dimension><gmd:dimension>
        <gmd:MD_Band>
          <gmd:sequenceIdentifier>
            <gco:MemberName>
              <gco:aName>
                <gco:CharacterString>Perfluorobutanoic acid</gco:CharacterString>
              </gco:aName>
            </gco:MemberName>
          </gmd:sequenceIdentifier>
          <gmd:descriptor>
            <gco:CharacterString>Perfluorobutanoic acid</gco:CharacterString>
          </gmd:descriptor>
        </gmd:MD_Band>
      </gmd:dimension><gmd:dimension>
        <gmd:MD_Band>
          <gmd:sequenceIdentifier>
            <gco:MemberName>
              <gco:aName>
                <gco:CharacterString>Perfluorooctanoic acid</gco:CharacterString>
              </gco:aName>
            </gco:MemberName>
          </gmd:sequenceIdentifier>
          <gmd:descriptor>
            <gco:CharacterString>Perfluorooctanoic acid</gco:CharacterString>
          </gmd:descriptor>
        </gmd:MD_Band>
      </gmd:dimension><gmd:dimension>
        <gmd:MD_Band>
          <gmd:sequenceIdentifier>
            <gco:MemberName>
              <gco:aName>
                <gco:CharacterString>Perfluorohexane sulfonate</gco:CharacterString>
              </gco:aName>
            </gco:MemberName>
          </gmd:sequenceIdentifier>
          <gmd:descriptor>
            <gco:CharacterString>Perfluorohexane sulfonate</gco:CharacterString>
          </gmd:descriptor>
        </gmd:MD_Band>
      </gmd:dimension><gmd:dimension>
        <gmd:MD_Band>
          <gmd:sequenceIdentifier>
            <gco:MemberName>
              <gco:aName>
                <gco:CharacterString>Perfluorooctane sulfonate</gco:CharacterString>
              </gco:aName>
            </gco:MemberName>
          </gmd:sequenceIdentifier>
          <gmd:descriptor>
            <gco:CharacterString>Perfluorooctane sulfonate</gco:CharacterString>
          </gmd:descriptor>
        </gmd:MD_Band>
      </gmd:dimension></gmi:MI_CoverageDescription>
  </gmd:contentInfo>
</gmi:MI_Metadata>