<?xml version="1.0" encoding="UTF-8"?>
<gmi:MI_Metadata xmlns:gco="http://www.isotc211.org/2005/gco"
    xmlns:gmd="http://www.isotc211.org/2005/gmd"
    xmlns:gmi="http://www.isotc211.org/2005/gmi"
    xmlns:gml="http://www.opengis.net/gml/3.2"
    xmlns:gmx="http://www.isotc211.org/2005/gmx"
    xmlns:gsr="http://www.isotc211.org/2005/gsr"
    xmlns:gss="http://www.isotc211.org/2005/gss"
    xmlns:gts="http://www.isotc211.org/2005/gts"
    xmlns:srv="http://www.isotc211.org/2005/srv"
    xmlns:xlink="http://www.w3.org/1999/xlink"
    xmlns:xs="http://www.w3.org/2001/XMLSchema"
    xmlns:xsi="http://www.w3.org/2001/XMLSchema-instance" xsi:schemaLocation="http://www.isotc211.org/2005/gmi http://www.ngdc.noaa.gov/metadata/published/xsd/schema.xsd">
    <gmd:fileIdentifier>
        <gco:CharacterString>21MICH-020002</gco:CharacterString>
    </gmd:fileIdentifier>
    <gmd:contact>
        <gmd:CI_ResponsibleParty>
            <gmd:individualName>
                <gco:CharacterString>GLOS DMAC</gco:CharacterString>
            </gmd:individualName>
            <gmd:organisationName>
                <gco:CharacterString>Great Lakes Observing System</gco:CharacterString>
            </gmd:organisationName>
            <gmd:contactInfo>
                <gmd:CI_Contact>
                    <gmd:phone>
                        <gmd:CI_Telephone>
                            <gmd:voice>
                                <gco:CharacterString>(734) 332-6113</gco:CharacterString>
                            </gmd:voice>
                        </gmd:CI_Telephone>
                    </gmd:phone>
                    <gmd:address>
                        <gmd:CI_Address>
                            <gmd:deliveryPoint>
                                <gco:CharacterString>229 Nickels Arcade</gco:CharacterString>
                            </gmd:deliveryPoint>
                            <gmd:city>
                                <gco:CharacterString>Ann Arbor</gco:CharacterString>
                            </gmd:city>
                            <gmd:administrativeArea>
                                <gco:CharacterString>Michigan</gco:CharacterString>
                            </gmd:administrativeArea>
                            <gmd:postalCode>
                                <gco:CharacterString>48104</gco:CharacterString>
                            </gmd:postalCode>
                            <gmd:electronicMailAddress>
                                <gco:CharacterString>dmac@glos.us</gco:CharacterString>
                            </gmd:electronicMailAddress>
                        </gmd:CI_Address>
                    </gmd:address>
                    <gmd:onlineResource>
                        <gmd:CI_OnlineResource id="glos_url">
                            <gmd:linkage>
                                <gmd:URL>http://glos.us</gmd:URL>
                            </gmd:linkage>
                        </gmd:CI_OnlineResource>
                    </gmd:onlineResource>
                </gmd:CI_Contact>
            </gmd:contactInfo>
            <gmd:role>
                <gmd:CI_RoleCode
                    codeList="http://www.ngdc.noaa.gov/metadata/published/xsd/schema/resources/CodeList/gmxCodelists.xml#CI_RoleCode" codeListValue="pointOfContact">pointOfContact</gmd:CI_RoleCode>
            </gmd:role>
        </gmd:CI_ResponsibleParty>
    </gmd:contact>
    <gmd:contact>
        <gmd:CI_ResponsibleParty>
            <gmd:individualName>
                <gco:CharacterString>NWQMC - WQP</gco:CharacterString>
            </gmd:individualName>
            <gmd:organisationName>
                <gco:CharacterString>National Water Quality Monitoring Council - Water Quality Portal</gco:CharacterString>
            </gmd:organisationName>
            <gmd:contactInfo>
                <gmd:CI_Contact>
                    <gmd:phone gco:nilReason="missing"/>
                    <gmd:address>
                        <gmd:CI_Address>
                            <gmd:deliveryPoint gco:nilReason="missing"/>
                            <gmd:city gco:nilReason="missing"/>
                            <gmd:administrativeArea gco:nilReason="missing"/>
                            <gmd:postalCode gco:nilReason="missing"/>
                            <gmd:electronicMailAddress>
                                <gco:CharacterString>storet@epa.gov</gco:CharacterString>
                            </gmd:electronicMailAddress>
                        </gmd:CI_Address>
                    </gmd:address>
                    <gmd:onlineResource>
                        <gmd:CI_OnlineResource id="wqp_url">
                            <gmd:linkage>
                                <gmd:URL>http://waterqualitydata.us</gmd:URL>
                            </gmd:linkage>
                        </gmd:CI_OnlineResource>
                    </gmd:onlineResource>
                </gmd:CI_Contact>
            </gmd:contactInfo>
            <gmd:role>
                <gmd:CI_RoleCode
                    codeList="http://www.ngdc.noaa.gov/metadata/published/xsd/schema/resources/Codelist/gmxCodelists.xml#CI_RoleCode" codeListValue="distributor">distributor</gmd:CI_RoleCode>
            </gmd:role>
        </gmd:CI_ResponsibleParty>
    </gmd:contact>
    <gmd:contact>
        <gmd:CI_ResponsibleParty>
            <gmd:individualName>
                <gco:CharacterString>Jonathan Burian</gco:CharacterString>
            </gmd:individualName>
            <gmd:organisationName>
                <gco:CharacterString>STORET Data Warehouse</gco:CharacterString>
            </gmd:organisationName>
            <gmd:contactInfo>
                <gmd:CI_Contact>
                    <gmd:phone>
                        <gmd:CI_Telephone>
                            <gmd:voice>
                                <gco:CharacterString>(312) 886-2916</gco:CharacterString>
                            </gmd:voice>
                        </gmd:CI_Telephone>
                    </gmd:phone>
                    <gmd:address>
                        <gmd:CI_Address>
                            <gmd:deliveryPoint gco:nilReason="missing"/>
                            <gmd:city>
                                <gco:CharacterString>Chigaco</gco:CharacterString>
                            </gmd:city>
                            <gmd:administrativeArea>
                                <gco:CharacterString>IL</gco:CharacterString>
                            </gmd:administrativeArea>
                            <gmd:postalCode gco:nilReason="missing"/>
                            <gmd:electronicMailAddress>
                                <gco:CharacterString>burian.jonathan@epa.gov</gco:CharacterString>
                            </gmd:electronicMailAddress>
                        </gmd:CI_Address>
                    </gmd:address>
                    <gmd:onlineResource>
                        <gmd:CI_OnlineResource id="storet_url">
                            <gmd:linkage>
                                <gmd:URL>http://www.epa.gov/storet/</gmd:URL>
                            </gmd:linkage>
                        </gmd:CI_OnlineResource>
                    </gmd:onlineResource>
                </gmd:CI_Contact>
            </gmd:contactInfo>
            <gmd:role>
                <gmd:CI_RoleCode
                    codeList="http://www.ngdc.noaa.gov/metadata/published/xsd/schema/resources/Codelist/gmxCodelists.xml#CI_RoleCode" codeListValue="originator">originator</gmd:CI_RoleCode>
            </gmd:role>
        </gmd:CI_ResponsibleParty>
    </gmd:contact>
    <gmd:dateStamp>
        <gco:Date>2012-12-31</gco:Date>
    </gmd:dateStamp>
    <gmd:metadataStandardName>
        <gco:CharacterString>ISO 19115-2 Geographic Information - Metadata Part 2 Extensions for imagery and gridded data</gco:CharacterString>
    </gmd:metadataStandardName>
    <gmd:metadataStandardVersion>
        <gco:CharacterString>ISO 19115-2:2009(E)</gco:CharacterString>
    </gmd:metadataStandardVersion>
    <gmd:identificationInfo>
        <gmd:MD_DataIdentification>
            <gmd:citation>
                <gmd:CI_Citation>
                    <gmd:title>
                        <gco:CharacterString>LAKE SUPERIOR, NEAR MUNISING; ONOTA TOWNSHIP, SEC 29</gco:CharacterString>
                    </gmd:title>
                    <gmd:date>
                        <gmd:CI_Date>
                            <gmd:date>
                                <gco:DateTime>2012-12-31T15:55:17.405Z</gco:DateTime>
                            </gmd:date>
                            <gmd:dateType gco:nilReason="unknown"/>
                        </gmd:CI_Date>
                    </gmd:date>
                </gmd:CI_Citation>
            </gmd:citation>
            <gmd:abstract>
                <gco:CharacterString>Michigan Department of Environmental Quality - LAKE SUPERIOR, NEAR MUNISING; ONOTA TOWNSHIP, SEC 29</gco:CharacterString>
            </gmd:abstract>
            <gmd:language>
                <gco:CharacterString>eng</gco:CharacterString>
            </gmd:language>
            <gmd:topicCategory>
                <gmd:MD_TopicCategoryCode>inlandWaters</gmd:MD_TopicCategoryCode>
            </gmd:topicCategory>
            <gmd:extent>
                <gmd:EX_Extent>
                    <gmd:geographicElement>
                        <gmd:EX_GeographicBoundingBox>
                            <gmd:extentTypeCode>
                                <gco:Boolean>1</gco:Boolean>
                            </gmd:extentTypeCode>
                            <gmd:westBoundLongitude>
                                <gco:Decimal>-83.37263</gco:Decimal>
                            </gmd:westBoundLongitude>
                            <gmd:eastBoundLongitude>
                                <gco:Decimal>-83.37263</gco:Decimal>
                            </gmd:eastBoundLongitude>
                            <gmd:southBoundLatitude>
                                <gco:Decimal>44.63442</gco:Decimal>
                            </gmd:southBoundLatitude>
                            <gmd:northBoundLatitude>
                                <gco:Decimal>44.63442</gco:Decimal>
                            </gmd:northBoundLatitude>
                        </gmd:EX_GeographicBoundingBox>
                    </gmd:geographicElement>
                    <gmd:temporalElement>
                        <gmd:EX_TemporalExtent>
                            <gmd:extent>
                                <gml:TimePeriod id="-1493278921">
                                    <gml:beginPosition>2012-12-31T15:55:17.405Z</gml:beginPosition>
                                    <gml:endPosition>1969-12-31T19:00:00.000Z</gml:endPosition>
                                </gml:TimePeriod>
                            </gmd:extent>
                        </gmd:EX_TemporalExtent>
                    </gmd:temporalElement>
                    <gmd:verticalElement>
                        <gmd:EX_VerticalExtent>
                            <gmd:minimumValue>
                                <gco:Real>0</gco:Real>
                            </gmd:minimumValue>
                            <gmd:maximumValue>
                                <gco:Real>0</gco:Real>
                            </gmd:maximumValue>
                            <gmd:verticalCRS gco:nilReason="missing"/>
                        </gmd:EX_VerticalExtent>
                    </gmd:verticalElement>
                </gmd:EX_Extent>
            </gmd:extent>
        </gmd:MD_DataIdentification>
    </gmd:identificationInfo>
    <gmd:identificationInfo>
        <srv:SV_ServiceIdentification id="SOS">
            <gmd:citation>
                <gmd:CI_Citation>
                    <gmd:title>
                        <gco:CharacterString>WQP SOS</gco:CharacterString>
                    </gmd:title>
                    <gmd:date>
                        <gmd:CI_Date>
                            <gmd:date gco:nilReason="unknown"/>
                            <gmd:dateType gco:nilReason="unknown"/>
                        </gmd:CI_Date>
                    </gmd:date>
                    <gmd:citedResponsibleParty>
                        <gmd:CI_ResponsibleParty>
                            <gmd:individualName gco:nilReason="missing"/>
                            <gmd:organisationName>
                                <gco:CharacterString>WQP SOS</gco:CharacterString>
                            </gmd:organisationName>
                            <gmd:contactInfo gco:nilReason="missing"/>
                            <gmd:role>
                                <gmd:CI_RoleCode
                                    codeList="http://www.ngdc.noaa.gov/metadata/published/xsd/schema/resources/CodeList/gmxCodelists.xml#CI_RoleCode" codeListValue="distributor">distributor</gmd:CI_RoleCode>
                            </gmd:role>
                        </gmd:CI_ResponsibleParty>
                    </gmd:citedResponsibleParty>
                </gmd:CI_Citation>
            </gmd:citation>
            <gmd:abstract>
                <gco:CharacterString>Michigan Department of Environmental Quality - LAKE SUPERIOR, NEAR MUNISING; ONOTA TOWNSHIP, SEC 29</gco:CharacterString>
            </gmd:abstract>
            <srv:serviceType>
                <gco:LocalName>Lake</gco:LocalName>
            </srv:serviceType>
            <srv:extent>
                <gmd:EX_Extent>
                    <gmd:geographicElement>
                        <gmd:EX_GeographicBoundingBox>
                            <gmd:extentTypeCode>
                                <gco:Boolean>1</gco:Boolean>
                            </gmd:extentTypeCode>
                            <gmd:westBoundLongitude>
                                <gco:Decimal>-83.37263</gco:Decimal>
                            </gmd:westBoundLongitude>
                            <gmd:eastBoundLongitude>
                                <gco:Decimal>-83.37263</gco:Decimal>
                            </gmd:eastBoundLongitude>
                            <gmd:southBoundLatitude>
                                <gco:Decimal>44.63442</gco:Decimal>
                            </gmd:southBoundLatitude>
                            <gmd:northBoundLatitude>
                                <gco:Decimal>44.63442</gco:Decimal>
                            </gmd:northBoundLatitude>
                        </gmd:EX_GeographicBoundingBox>
                    </gmd:geographicElement>
                    <gmd:temporalElement>
                        <gmd:EX_TemporalExtent>
                            <gmd:extent>
                                <gml:TimePeriod id="1355446568">
                                    <gml:beginPosition>2012-12-31T15:55:17.405Z</gml:beginPosition>
                                    <gml:endPosition>1969-12-31T19:00:00.000Z</gml:endPosition>
                                </gml:TimePeriod>
                            </gmd:extent>
                        </gmd:EX_TemporalExtent>
                    </gmd:temporalElement>
                    <gmd:verticalElement>
                        <gmd:EX_VerticalExtent>
                            <gmd:minimumValue>
                                <gco:Real>0</gco:Real>
                            </gmd:minimumValue>
                            <gmd:maximumValue>
                                <gco:Real>0</gco:Real>
                            </gmd:maximumValue>
                            <gmd:verticalCRS gco:nilReason="missing"/>
                        </gmd:EX_VerticalExtent>
                    </gmd:verticalElement>
                </gmd:EX_Extent>
            </srv:extent>
            <srv:couplingType>
                <srv:SV_CouplingType
                    codeList="http://www.tc211.org/ISO19139/resources/codeList.xml#SV_CouplingType" codeListValue="tight">tight</srv:SV_CouplingType>
            </srv:couplingType>
            <srv:containsOperations>
                <srv:SV_OperationMetadata>
                    <srv:operationName>
                        <gco:CharacterString>GetCapabilities</gco:CharacterString>
                    </srv:operationName>
                    <srv:DCP gco:nilReason="unknown"/>
                    <srv:connectPoint>
                        <gmd:CI_OnlineResource>
                            <gmd:linkage>
                                <gmd:URL>http://wqp-sos.herokuapp.com/sos?service=SOS&amp;request=GetCapabilities</gmd:URL>
                            </gmd:linkage>
                            <gmd:name>
                                <gco:CharacterString>SOS - GetCapabilities</gco:CharacterString>
                            </gmd:name>
                            <gmd:description>
                                <gco:CharacterString>Sensor Observation Service - GetCapabilities</gco:CharacterString>
                            </gmd:description>
                            <gmd:function>
                                <gmd:CI_OnLineFunctionCode
                                    codeList="http://www.ngdc.noaa.gov/metadata/published/xsd/schema/resources/Codelist/gmxCodelists.xml#CI_OnLineFunctionCode" codeListValue="download">download</gmd:CI_OnLineFunctionCode>
                            </gmd:function>
                        </gmd:CI_OnlineResource>
                    </srv:connectPoint>
                </srv:SV_OperationMetadata>
            </srv:containsOperations>
            <srv:containsOperations>
                <srv:SV_OperationMetadata>
                    <srv:operationName>
                        <gco:CharacterString>DescribeSensor</gco:CharacterString>
                    </srv:operationName>
                    <srv:DCP gco:nilReason="unknown"/>
                    <srv:connectPoint>
                        <gmd:CI_OnlineResource>
                            <gmd:linkage>
                                <gmd:URL>http://wqp-sos.herokuapp.com/sos?service=SOS&amp;request=DescribeSensor&amp;version=1.0.0&amp;outputformat=text/xml;subtype=%22sensorML/1.0.1%22&amp;procedure=21MICH-020002</gmd:URL>
                            </gmd:linkage>
                            <gmd:name>
                                <gco:CharacterString>SOS - DescribeSensor</gco:CharacterString>
                            </gmd:name>
                            <gmd:description>
                                <gco:CharacterString>Sensor Observation Service - DescribeSensor</gco:CharacterString>
                            </gmd:description>
                            <gmd:function>
                                <gmd:CI_OnLineFunctionCode
                                    codeList="http://www.ngdc.noaa.gov/metadata/published/xsd/schema/resources/Codelist/gmxCodelists.xml#CI_OnLineFunctionCode" codeListValue="download">download</gmd:CI_OnLineFunctionCode>
                            </gmd:function>
                        </gmd:CI_OnlineResource>
                    </srv:connectPoint>
                </srv:SV_OperationMetadata>
            </srv:containsOperations>
            <srv:containsOperations>
                <srv:SV_OperationMetadata>
                    <srv:operationName>
                        <gco:CharacterString>GetObservation</gco:CharacterString>
                    </srv:operationName>
                    <srv:DCP gco:nilReason="unknown"/>
                    <srv:connectPoint>
                        <gmd:CI_OnlineResource>
                            <gmd:linkage>
                                <gmd:URL>http://wqp-sos.herokuapp.com/sos?service=SOS&amp;request=GetObservation&amp;version=1.0.0&amp;responseformat=text/xml;subtype=%22om/1.0.0%22&amp;eventtime=latest&amp;offering=21MICH-020002&amp;observedProperty=Air+Temperature</gmd:URL>
                            </gmd:linkage>
                            <gmd:name>
                                <gco:CharacterString>SOS - GetObservation</gco:CharacterString>
                            </gmd:name>
                            <gmd:description>
                                <gco:CharacterString>Sensor Observation Service - GetObservation</gco:CharacterString>
                            </gmd:description>
                            <gmd:function>
                                <gmd:CI_OnLineFunctionCode
                                    codeList="http://www.ngdc.noaa.gov/metadata/published/xsd/schema/resources/Codelist/gmxCodelists.xml#CI_OnLineFunctionCode" codeListValue="download">download</gmd:CI_OnLineFunctionCode>
                            </gmd:function>
                        </gmd:CI_OnlineResource>
                    </srv:connectPoint>
                </srv:SV_OperationMetadata>
            </srv:containsOperations>
        </srv:SV_ServiceIdentification>
    </gmd:identificationInfo>
    <gmd:contentInfo>
        <gmi:MI_CoverageDescription>
            <gmd:attributeDescription gco:nilReason="unknown"/>
            <gmd:contentType gco:nilReason="unknown"/>
        </gmi:MI_CoverageDescription>
    </gmd:contentInfo>
</gmi:MI_Metadata>
